fecha,partido,apuesta,cuota,p_modelo,edge,importe,gano,banca
2014-06-13,Chile - Australia,EMPATE,4.4,0.3096,0.3624,2.66,False,97.34
2014-06-13,Chile - Australia,VISITANTE,8.63,0.2835,1.4467,4.61,False,92.72
2014-06-13,Mexico - Cameroon,LOCAL,2.18,0.5883,0.2825,4.64,True,98.19
2014-06-13,Spain - Netherlands,VISITANTE,4.99,0.2104,0.0498,0.31,True,99.41
2014-06-14,Colombia - Greece,LOCAL,1.84,0.6631,0.2201,4.97,True,103.59
2014-06-14,Uruguay - Costa Rica,LOCAL,1.44,0.7458,0.074,4.36,False,99.23
2014-06-14,England - Italy,LOCAL,2.51,0.5432,0.3634,4.96,False,94.27
2014-06-14,Ivory Coast - Japan,VISITANTE,2.7,0.4374,0.181,2.51,False,91.76
2014-06-15,Switzerland - Ecuador,LOCAL,2.4,0.5925,0.422,4.59,True,98.18
2014-06-15,France - Honduras,EMPATE,5.89,0.1794,0.0566,0.28,False,97.9
2014-06-16,Germany - Portugal,LOCAL,2.07,0.53,0.0971,2.22,True,100.28
2014-06-16,Iran - Nigeria,LOCAL,4.77,0.453,1.1608,5.01,False,95.26
2014-06-16,Iran - Nigeria,EMPATE,3.43,0.3091,0.0603,0.59,True,96.7
2014-06-16,Ghana - United States,EMPATE,3.39,0.3102,0.0514,0.52,False,96.18
2014-06-16,Ghana - United States,VISITANTE,2.99,0.3873,0.1582,1.91,True,99.98
2014-06-17,Belgium - Algeria,EMPATE,5.14,0.2681,0.3778,2.28,False,97.7
2014-06-17,Belgium - Algeria,VISITANTE,9.89,0.2033,1.0103,2.78,False,94.93
2014-06-17,Brazil - Mexico,EMPATE,5.25,0.2045,0.0735,0.41,True,96.67
2014-06-18,Australia - Netherlands,LOCAL,12.68,0.1813,1.2986,2.69,False,93.98
2014-06-18,Australia - Netherlands,EMPATE,6.48,0.2608,0.69,2.96,False,91.02
2014-06-18,Cameroon - Croatia,LOCAL,5.46,0.2593,0.4159,2.12,False,88.9
2014-06-18,Cameroon - Croatia,EMPATE,3.89,0.2931,0.1403,1.08,False,87.82
2014-06-18,Spain - Chile,LOCAL,1.57,0.6662,0.0459,1.77,False,86.05
2014-06-19,Colombia - Ivory Coast,LOCAL,2.02,0.5194,0.0492,1.04,True,87.11
2014-06-19,Uruguay - England,LOCAL,3.75,0.4241,0.5905,4.36,True,99.09
2014-06-19,Uruguay - England,EMPATE,3.74,0.3069,0.1478,1.34,False,97.75
2014-06-19,Japan - Greece,LOCAL,2.38,0.6707,0.5962,4.89,False,92.87
2014-06-20,Switzerland - France,LOCAL,4.62,0.2764,0.2772,1.78,False,91.09
2014-06-20,Italy - Costa Rica,VISITANTE,6.59,0.1667,0.0984,0.4,True,93.33
2014-06-20,Honduras - Ecuador,LOCAL,5.72,0.2426,0.3875,1.92,False,91.41
2014-06-20,Honduras - Ecuador,EMPATE,4.14,0.2952,0.2223,1.62,False,89.8
2014-06-21,Argentina - Iran,EMPATE,8.4,0.2266,0.903,2.74,False,87.06
2014-06-21,Argentina - Iran,VISITANTE,20.55,0.116,1.3829,1.54,False,85.52
2014-06-21,Germany - Ghana,LOCAL,1.33,0.7766,0.0328,2.13,False,83.39
2014-06-22,United States - Portugal,LOCAL,4.58,0.3997,0.8307,4.17,False,79.22
2014-06-22,United States - Portugal,EMPATE,4.01,0.3008,0.2063,1.36,True,83.31
2014-06-22,South Korea - Algeria,LOCAL,2.49,0.4234,0.0542,0.76,False,82.55
2014-06-23,Australia - Spain,LOCAL,8.1,0.1539,0.2464,0.72,False,81.83
2014-06-23,Australia - Spain,EMPATE,5.28,0.231,0.2196,1.05,False,80.78
2014-06-23,Brazil - Cameroon,EMPATE,9.45,0.1264,0.1944,0.46,False,80.32
2014-06-23,Croatia - Mexico,LOCAL,2.68,0.392,0.0505,0.6,False,79.72
2014-06-23,Croatia - Mexico,EMPATE,3.43,0.3014,0.0338,0.28,False,79.44
2014-06-23,Netherlands - Chile,LOCAL,2.65,0.5997,0.5891,3.97,True,85.99
2014-06-24,Italy - Uruguay,VISITANTE,2.76,0.4919,0.3575,4.3,True,93.56
2014-06-24,Costa Rica - England,EMPATE,3.96,0.272,0.0771,0.61,True,95.36
2014-06-24,Japan - Colombia,EMPATE,3.68,0.2992,0.101,0.9,False,94.46
2014-06-24,Greece - Ivory Coast,LOCAL,3.92,0.263,0.0309,0.25,True,95.19
2014-06-25,Nigeria - Argentina,LOCAL,9.37,0.1409,0.3205,0.91,False,94.28
2014-06-25,Ecuador - France,VISITANTE,1.62,0.7038,0.1402,4.71,False,89.57
2014-06-26,United States - Germany,LOCAL,8.22,0.2625,1.1575,3.59,False,85.98
2014-06-26,Portugal - Ghana,EMPATE,4.76,0.2638,0.2555,1.46,False,84.52
2014-06-26,South Korea - Belgium,VISITANTE,1.83,0.6021,0.1018,2.59,True,86.67
2014-06-26,Algeria - Russia,LOCAL,3.66,0.5494,1.0106,4.33,False,82.34
2014-06-28,Colombia - Uruguay,VISITANTE,3.63,0.308,0.1181,0.92,False,81.41
2014-06-28,Brazil - Chile,LOCAL,1.52,0.7986,0.2139,4.07,False,77.34
2014-06-29,Costa Rica - Greece,VISITANTE,2.9,0.3899,0.1308,1.33,False,76.01
2014-06-29,Netherlands - Mexico,LOCAL,2.13,0.4875,0.0383,0.64,True,76.74
2014-06-30,France - Nigeria,EMPATE,4.6,0.2634,0.2114,1.13,False,75.61
2014-06-30,France - Nigeria,VISITANTE,8.41,0.1478,0.2429,0.62,False,74.99
2014-06-30,Germany - Algeria,EMPATE,5.53,0.303,0.6756,2.8,False,72.2
2014-06-30,Germany - Algeria,VISITANTE,10.15,0.2364,1.3994,2.76,False,69.44
2014-07-01,Belgium - United States,VISITANTE,4.04,0.2726,0.1013,0.58,False,68.86
2014-07-04,France - Germany,VISITANTE,2.77,0.3987,0.1043,1.01,True,70.65
2014-07-04,Brazil - Colombia,LOCAL,1.76,0.6362,0.1197,2.78,True,72.77
2014-07-05,Argentina - Belgium,LOCAL,1.98,0.5931,0.1744,3.24,True,75.94
2014-07-05,Netherlands - Costa Rica,LOCAL,1.52,0.7268,0.1047,3.8,False,72.14
2014-07-08,Brazil - Germany,LOCAL,2.62,0.5179,0.3569,3.61,False,68.54
2014-07-09,Netherlands - Argentina,LOCAL,3.04,0.4129,0.2552,2.14,False,66.39
2014-07-12,Brazil - Netherlands,LOCAL,2.15,0.5248,0.1283,1.85,False,64.54
2014-07-13,Germany - Argentina,LOCAL,2.35,0.4399,0.0337,0.4,True,65.08
2018-06-14,Russia - Saudi Arabia,EMPATE,4.32,0.302,0.3048,1.49,False,63.59
2018-06-14,Russia - Saudi Arabia,VISITANTE,8.92,0.4702,3.194,3.18,False,60.41
2018-06-15,Egypt - Uruguay,LOCAL,8.35,0.1254,0.0472,0.1,False,60.31
2018-06-15,Morocco - Iran,VISITANTE,4.11,0.2853,0.1727,0.84,True,62.92
2018-06-15,Portugal - Spain,LOCAL,4.3,0.3029,0.3027,1.44,False,61.47
2018-06-16,France - Australia,EMPATE,6.99,0.2681,0.8737,2.24,False,59.23
2018-06-16,France - Australia,VISITANTE,10.6,0.1644,0.7424,1.15,False,58.09
2018-06-16,Argentina - Iceland,EMPATE,5.31,0.2331,0.2378,0.8,True,61.54
2018-06-16,Argentina - Iceland,VISITANTE,11.04,0.1285,0.4187,0.64,False,60.9
2018-06-16,Peru - Denmark,LOCAL,3.68,0.511,0.8804,3.04,False,57.85
2018-06-16,Croatia - Nigeria,VISITANTE,5.99,0.1743,0.044,0.13,False,57.73
2018-06-17,Costa Rica - Serbia,LOCAL,5.29,0.2404,0.2716,0.91,False,56.81
2018-06-17,Germany - Mexico,EMPATE,4.56,0.2762,0.2594,1.03,False,55.78
2018-06-17,Germany - Mexico,VISITANTE,7.31,0.1766,0.2909,0.64,True,59.84
2018-06-17,Brazil - Switzerland,EMPATE,4.38,0.2766,0.2116,0.94,True,63.0
2018-06-17,Brazil - Switzerland,VISITANTE,8.2,0.1877,0.5393,1.18,False,61.82
2018-06-18,Sweden - South Korea,LOCAL,2.27,0.4632,0.0515,0.63,True,62.62
2018-06-18,Belgium - Panama,EMPATE,6.83,0.1763,0.2043,0.55,False,62.07
2018-06-18,Belgium - Panama,VISITANTE,17.92,0.0846,0.5162,0.47,False,61.59
2018-06-18,Tunisia - England,LOCAL,8.47,0.2041,0.729,1.5,False,60.09
2018-06-18,Tunisia - England,EMPATE,4.21,0.2817,0.186,0.87,False,59.22
2018-06-19,Russia - Egypt,EMPATE,3.51,0.302,0.0601,0.35,False,58.87
2018-06-19,Russia - Egypt,VISITANTE,4.29,0.3184,0.3658,1.64,False,57.23
2018-06-19,Poland - Senegal,VISITANTE,3.32,0.3744,0.2429,1.5,True,60.7
2018-06-20,Iran - Spain,LOCAL,19.05,0.2236,3.2587,2.74,False,57.96
2018-06-20,Iran - Spain,EMPATE,6.78,0.2771,0.8788,2.2,False,55.76
2018-06-20,Uruguay - Saudi Arabia,EMPATE,6.62,0.282,0.8669,2.15,False,53.61
2018-06-20,Uruguay - Saudi Arabia,VISITANTE,17.46,0.1837,2.2072,1.8,False,51.81
2018-06-20,Portugal - Morocco,EMPATE,3.67,0.3147,0.1551,0.75,False,51.06
2018-06-20,Portugal - Morocco,VISITANTE,5.97,0.3364,1.0081,2.55,False,48.51
2018-06-21,Denmark - Australia,EMPATE,3.42,0.306,0.0467,0.23,True,49.07
2018-06-21,Denmark - Australia,VISITANTE,4.62,0.3511,0.6222,2.11,False,46.97
2018-06-21,France - Peru,EMPATE,3.84,0.2928,0.1243,0.51,False,46.45
2018-06-21,France - Peru,VISITANTE,6.58,0.2018,0.328,0.68,False,45.77
2018-06-21,Argentina - Croatia,LOCAL,2.1,0.5013,0.0528,0.55,False,45.22
2018-06-22,Serbia - Switzerland,VISITANTE,2.96,0.463,0.3704,2.14,True,49.41
2018-06-22,Nigeria - Iceland,VISITANTE,2.71,0.5541,0.5016,2.47,False,46.94
2018-06-22,Brazil - Costa Rica,LOCAL,1.21,0.8547,0.0342,1.91,True,47.34
2018-06-23,Belgium - Tunisia,EMPATE,5.08,0.2316,0.1765,0.51,False,46.83
2018-06-23,Belgium - Tunisia,VISITANTE,11.48,0.1254,0.4394,0.49,False,46.34
2018-06-23,South Korea - Mexico,LOCAL,5.56,0.2402,0.3356,0.85,False,45.48
2018-06-23,South Korea - Mexico,EMPATE,3.82,0.2766,0.0567,0.23,False,45.25
2018-06-23,Germany - Sweden,EMPATE,4.62,0.267,0.2336,0.73,False,44.52
2018-06-23,Germany - Sweden,VISITANTE,7.45,0.1647,0.2271,0.39,False,44.13
2018-06-24,England - Panama,EMPATE,6.41,0.2345,0.5033,1.03,False,43.11
2018-06-24,England - Panama,VISITANTE,18.09,0.1193,1.1574,0.73,False,42.38
2018-06-24,Japan - Senegal,VISITANTE,2.67,0.4171,0.1136,0.72,False,41.65
2018-06-25,Saudi Arabia - Egypt,LOCAL,5.27,0.2726,0.4367,1.06,True,46.2
2018-06-25,Saudi Arabia - Egypt,EMPATE,3.62,0.2913,0.0545,0.24,False,45.96
2018-06-25,Iran - Portugal,LOCAL,6.24,0.1839,0.1473,0.32,False,45.64
2018-06-25,Iran - Portugal,EMPATE,4.04,0.257,0.0381,0.14,True,46.07
2018-06-25,Spain - Morocco,EMPATE,5.09,0.2462,0.2529,0.71,True,48.99
2018-06-25,Spain - Morocco,VISITANTE,9.86,0.1458,0.4373,0.6,False,48.38
2018-06-26,Denmark - France,VISITANTE,2.08,0.5351,0.113,1.27,False,47.12
2018-06-26,Australia - Peru,LOCAL,2.9,0.502,0.4559,2.36,False,44.76
2018-06-26,Nigeria - Argentina,LOCAL,5.91,0.1926,0.1385,0.32,False,44.45
2018-06-26,Nigeria - Argentina,EMPATE,5.14,0.2517,0.2936,0.79,False,43.66
2018-06-26,Iceland - Croatia,VISITANTE,1.84,0.6526,0.2008,2.18,True,45.49
2018-06-27,South Korea - Germany,LOCAL,18.76,0.1372,1.5746,1.01,True,63.4
2018-06-27,South Korea - Germany,EMPATE,8.19,0.2041,0.6712,1.48,False,61.92
2018-06-27,Switzerland - Costa Rica,LOCAL,1.61,0.7086,0.1409,3.1,False,58.82
2018-06-27,Serbia - Brazil,LOCAL,7.34,0.1428,0.0478,0.11,False,58.71
2018-06-27,Serbia - Brazil,EMPATE,4.64,0.231,0.0716,0.29,False,58.42
2018-06-28,Senegal - Colombia,LOCAL,5.07,0.3095,0.5693,2.04,False,56.38
2018-06-28,Senegal - Colombia,EMPATE,3.79,0.3051,0.1562,0.79,False,55.59
2018-06-28,Japan - Poland,LOCAL,2.96,0.7852,1.3243,2.78,False,52.81
2018-06-28,Panama - Tunisia,LOCAL,4.34,0.4093,0.7764,2.64,False,50.17
2018-06-28,Panama - Tunisia,EMPATE,3.73,0.2784,0.0383,0.18,False,49.99
2018-06-28,England - Belgium,LOCAL,2.46,0.5638,0.3869,2.5,False,47.49
2018-06-30,France - Argentina,VISITANTE,3.33,0.3316,0.1041,0.53,False,46.96
2018-06-30,Uruguay - Portugal,VISITANTE,2.74,0.4424,0.2121,1.43,False,45.53
2018-07-01,Russia - Spain,LOCAL,6.33,0.189,0.1963,0.42,False,45.11
2018-07-01,Russia - Spain,EMPATE,4.1,0.2686,0.1012,0.37,True,46.25
2018-07-01,Croatia - Denmark,LOCAL,1.99,0.5852,0.1645,1.92,False,44.33
2018-07-02,Brazil - Mexico,EMPATE,4.44,0.2632,0.1687,0.54,False,43.79
2018-07-02,Brazil - Mexico,VISITANTE,7.61,0.1667,0.2689,0.45,False,43.34
2018-07-02,Belgium - Japan,EMPATE,4.71,0.2873,0.3533,1.03,False,42.31
2018-07-02,Belgium - Japan,VISITANTE,8.58,0.2063,0.7703,1.07,False,41.24
2018-07-03,Sweden - Switzerland,LOCAL,3.37,0.3305,0.1139,0.5,True,42.41
2018-07-03,Colombia - England,VISITANTE,2.15,0.5391,0.1591,1.47,False,40.94
2018-07-06,Uruguay - France,LOCAL,4.61,0.42,0.9361,2.05,False,38.9
2018-07-06,Brazil - Belgium,LOCAL,2.12,0.5496,0.1651,1.43,False,37.46
2018-07-07,Sweden - England,LOCAL,5.07,0.2792,0.4157,0.96,False,36.51
2018-07-07,Russia - Croatia,VISITANTE,2.12,0.5204,0.1032,0.84,False,35.67
2018-07-10,France - Belgium,VISITANTE,3.02,0.3702,0.118,0.52,False,35.15
2018-07-14,Belgium - England,EMPATE,3.74,0.2937,0.0984,0.32,False,34.83
2018-07-14,Belgium - England,VISITANTE,3.18,0.3288,0.0457,0.18,False,34.65
2018-07-15,France - Croatia,LOCAL,2.13,0.5921,0.2612,1.73,True,36.61
2022-11-20,Qatar - Ecuador,LOCAL,3.59,0.4887,0.7543,1.83,False,34.78
2022-11-21,England - Iran,EMPATE,4.56,0.2844,0.2969,0.73,False,34.05
2022-11-21,England - Iran,VISITANTE,10.14,0.3433,2.481,1.7,False,32.35
2022-11-21,Senegal - Netherlands,VISITANTE,1.65,0.6451,0.0645,0.8,True,32.87
2022-11-21,United States - Wales,LOCAL,2.43,0.6796,0.6515,1.64,False,31.23
2022-11-22,Mexico - Poland,LOCAL,2.47,0.5328,0.316,1.56,False,29.66
2022-11-22,France - Australia,EMPATE,6.58,0.2368,0.5582,0.74,False,28.92
2022-11-22,France - Australia,VISITANTE,13.69,0.1346,0.8424,0.48,False,28.44
2022-11-22,Argentina - Saudi Arabia,EMPATE,9.08,0.1828,0.6596,0.58,False,27.86
2022-11-22,Argentina - Saudi Arabia,VISITANTE,25.5,0.0765,0.9499,0.27,True,34.48
2022-11-22,Denmark - Tunisia,EMPATE,3.82,0.3071,0.173,0.53,True,35.97
2022-11-22,Denmark - Tunisia,VISITANTE,6.45,0.3406,1.1969,1.8,False,34.17
2022-11-23,Morocco - Croatia,VISITANTE,2.21,0.4794,0.0595,0.42,False,33.75
2022-11-23,Germany - Japan,EMPATE,4.85,0.2751,0.3342,0.73,False,33.02
2022-11-23,Germany - Japan,VISITANTE,7.17,0.2055,0.4733,0.63,True,36.93
2022-11-23,Spain - Costa Rica,EMPATE,8.33,0.229,0.9076,1.14,False,35.78
2022-11-23,Spain - Costa Rica,VISITANTE,17.4,0.1362,1.3696,0.75,False,35.04
2022-11-23,Belgium - Canada,LOCAL,1.57,0.6616,0.0387,0.6,True,35.38
2022-11-24,Switzerland - Cameroon,VISITANTE,4.95,0.214,0.0595,0.13,False,35.24
2022-11-24,Uruguay - South Korea,EMPATE,3.46,0.299,0.0345,0.12,True,35.55
2022-11-24,Uruguay - South Korea,VISITANTE,4.94,0.2523,0.2464,0.56,False,34.99
2022-11-24,Portugal - Ghana,EMPATE,5.38,0.2268,0.2202,0.44,False,34.55
2022-11-24,Portugal - Ghana,VISITANTE,10.4,0.1325,0.378,0.35,False,34.2
2022-11-24,Brazil - Serbia,EMPATE,4.46,0.2368,0.0561,0.14,False,34.06
2022-11-25,England - United States,EMPATE,4.14,0.2557,0.0584,0.16,True,34.56
2022-11-25,England - United States,VISITANTE,7.69,0.1857,0.428,0.55,False,34.01
2022-11-25,Netherlands - Ecuador,LOCAL,1.83,0.6162,0.1276,1.31,False,32.7
2022-11-25,Qatar - Senegal,LOCAL,5.44,0.4899,1.6649,1.64,False,31.07
2022-11-25,Wales - Iran,VISITANTE,3.76,0.5007,0.8827,1.55,True,35.35
2022-11-26,Poland - Saudi Arabia,EMPATE,3.54,0.3178,0.1249,0.43,False,34.92
2022-11-26,Poland - Saudi Arabia,VISITANTE,5.45,0.3413,0.86,1.69,False,33.23
2022-11-26,Tunisia - Australia,LOCAL,2.16,0.5453,0.1779,1.27,False,31.96
2022-11-27,Japan - Costa Rica,VISITANTE,7.36,0.1428,0.0508,0.06,True,32.36
2022-11-27,Belgium - Morocco,LOCAL,1.88,0.56,0.0527,0.48,False,31.88
2022-11-27,Croatia - Canada,LOCAL,2.2,0.5531,0.2168,1.44,True,33.61
2022-11-27,Spain - Germany,LOCAL,2.5,0.5077,0.2691,1.51,False,32.1
2022-11-28,Portugal - Uruguay,VISITANTE,4.34,0.2516,0.0919,0.22,False,31.88
2022-11-28,South Korea - Ghana,LOCAL,2.7,0.5002,0.3506,1.59,False,30.28
2022-11-28,Brazil - Switzerland,VISITANTE,7.4,0.1539,0.139,0.16,False,30.12
2022-11-29,Qatar - Netherlands,LOCAL,14.61,0.2036,1.9744,1.09,False,29.03
2022-11-29,Qatar - Netherlands,EMPATE,6.81,0.244,0.6615,0.83,False,28.2
2022-11-29,Iran - United States,LOCAL,4.03,0.385,0.5517,1.28,False,26.92
2022-11-29,Iran - United States,EMPATE,3.45,0.3054,0.0537,0.15,False,26.77
2022-11-29,Ecuador - Senegal,VISITANTE,3.18,0.3481,0.1069,0.33,True,27.49
2022-11-30,Saudi Arabia - Mexico,LOCAL,5.4,0.1978,0.0682,0.11,False,27.38
2022-11-30,Saudi Arabia - Mexico,EMPATE,4.13,0.275,0.1357,0.3,False,27.08
2022-11-30,Australia - Denmark,LOCAL,7.65,0.4231,2.2364,1.35,True,36.09
2022-11-30,Australia - Denmark,EMPATE,4.66,0.2966,0.3822,0.94,False,35.14
2022-11-30,Tunisia - France,LOCAL,5.84,0.2284,0.3339,0.61,True,38.08
2022-11-30,Tunisia - France,EMPATE,3.81,0.2773,0.0565,0.19,False,37.89
2022-12-01,Croatia - Belgium,LOCAL,2.97,0.4612,0.3698,1.78,False,36.11
2022-12-01,Canada - Morocco,VISITANTE,1.82,0.6416,0.1678,1.81,True,37.59
2022-12-01,Japan - Spain,LOCAL,6.98,0.2158,0.506,0.8,True,42.34
2022-12-01,Japan - Spain,EMPATE,4.35,0.2766,0.2034,0.64,False,41.7
2022-12-01,Costa Rica - Germany,LOCAL,24.4,0.2436,4.9442,2.09,False,39.62
2022-12-01,Costa Rica - Germany,EMPATE,10.6,0.2849,2.0196,1.98,False,37.64
2022-12-02,Cameroon - Brazil,VISITANTE,1.33,0.8377,0.1141,1.88,False,35.75
2022-12-02,South Korea - Portugal,LOCAL,4.25,0.2717,0.1546,0.43,True,37.14
2022-12-02,South Korea - Portugal,EMPATE,3.73,0.2938,0.0958,0.33,False,36.81
2022-12-03,Argentina - Australia,EMPATE,5.92,0.2283,0.3516,0.66,False,36.15
2022-12-03,Argentina - Australia,VISITANTE,10.23,0.1472,0.5057,0.5,False,35.66
2022-12-03,Netherlands - United States,LOCAL,1.9,0.5825,0.1068,1.06,True,36.61
2022-12-04,France - Poland,EMPATE,4.79,0.2632,0.2607,0.63,False,35.98
2022-12-04,France - Poland,VISITANTE,8.41,0.1639,0.3781,0.46,False,35.52
2022-12-04,England - Senegal,EMPATE,3.64,0.2918,0.0623,0.21,False,35.31
2022-12-04,England - Senegal,VISITANTE,6.53,0.2434,0.5893,0.94,False,34.37
2022-12-05,Brazil - South Korea,EMPATE,6.39,0.1957,0.2503,0.4,False,33.97
2022-12-05,Brazil - South Korea,VISITANTE,14.22,0.0967,0.3745,0.24,False,33.73
2022-12-05,Japan - Croatia,LOCAL,3.81,0.2846,0.0843,0.25,False,33.48
2022-12-06,Morocco - Spain,LOCAL,6.04,0.2648,0.5996,1.0,False,32.48
2022-12-06,Morocco - Spain,EMPATE,3.72,0.3016,0.1221,0.36,True,33.47
2022-12-09,Croatia - Brazil,LOCAL,8.53,0.1659,0.415,0.46,False,33.01
2022-12-09,Croatia - Brazil,EMPATE,4.57,0.2471,0.1293,0.3,True,34.08
2022-12-09,Netherlands - Argentina,LOCAL,3.57,0.3317,0.184,0.61,False,33.47
2022-12-10,Morocco - Portugal,LOCAL,6.17,0.2636,0.6263,1.01,True,38.71
2022-12-10,Morocco - Portugal,EMPATE,3.79,0.3027,0.1474,0.51,False,38.2
2022-12-14,France - Morocco,VISITANTE,6.25,0.2106,0.3164,0.58,False,37.62
2022-12-17,Croatia - Morocco,VISITANTE,3.09,0.3602,0.1131,0.51,False,37.12
2022-12-18,Argentina - France,LOCAL,2.63,0.5566,0.4639,1.86,False,35.26
2026-06-11,South Korea - Czech Republic,LOCAL,2.54,0.4071,0.034,0.19,True,35.56
2026-06-13,Haiti - Scotland,LOCAL,5.41,0.219,0.1849,0.37,False,35.19
2026-06-13,Haiti - Scotland,EMPATE,4.29,0.2709,0.1622,0.43,False,34.75
2026-06-13,Australia - Turkey,VISITANTE,1.68,0.6353,0.0673,0.86,False,33.89
2026-06-13,Qatar - Switzerland,LOCAL,14.57,0.3146,3.5843,1.69,False,32.2
2026-06-13,Qatar - Switzerland,EMPATE,6.88,0.2797,0.9243,1.27,True,39.64
2026-06-14,Ivory Coast - Ecuador,LOCAL,3.22,0.3583,0.1539,0.69,True,41.16
2026-06-14,Sweden - Tunisia,VISITANTE,4.36,0.2722,0.1868,0.57,False,40.59
2026-06-15,Spain - Cape Verde,EMPATE,11.58,0.1807,1.092,1.05,True,51.67
2026-06-15,Spain - Cape Verde,VISITANTE,26.2,0.0903,1.3649,0.7,False,50.97
2026-06-15,Belgium - Egypt,EMPATE,4.14,0.292,0.2087,0.85,True,53.63
2026-06-15,Belgium - Egypt,VISITANTE,6.22,0.233,0.4491,1.15,False,52.48
2026-06-15,Saudi Arabia - Uruguay,LOCAL,7.5,0.2167,0.6249,1.26,False,51.22
2026-06-15,Saudi Arabia - Uruguay,EMPATE,4.11,0.2794,0.1484,0.61,True,53.12
2026-06-15,Iran - New Zealand,LOCAL,1.81,0.664,0.2019,2.66,False,50.46
2026-06-16,France - Senegal,EMPATE,4.41,0.2811,0.2397,0.89,False,49.57
2026-06-16,France - Senegal,VISITANTE,6.42,0.2721,0.747,1.71,False,47.87
2026-06-16,Iraq - Norway,LOCAL,13.1,0.1927,1.5249,1.51,False,46.36
2026-06-16,Iraq - Norway,EMPATE,6.5,0.2529,0.6439,1.36,False,45.0
2026-06-16,Argentina - Algeria,EMPATE,4.06,0.2582,0.0482,0.18,False,44.82
2026-06-16,Argentina - Algeria,VISITANTE,6.48,0.1727,0.1194,0.24,False,44.58
2026-06-16,Austria - Jordan,EMPATE,4.69,0.2388,0.1201,0.36,False,44.22
2026-06-16,Austria - Jordan,VISITANTE,8.33,0.1399,0.1655,0.25,False,43.97
2026-06-17,England - Croatia,EMPATE,3.78,0.2774,0.0486,0.19,False,43.78
2026-06-17,England - Croatia,VISITANTE,5.29,0.2289,0.2109,0.54,False,43.24
2026-06-17,Ghana - Panama,VISITANTE,3.18,0.5235,0.6649,2.16,False,41.08
2026-06-17,Uzbekistan - Colombia,LOCAL,9.97,0.1652,0.6466,0.74,False,40.34
2026-06-17,Uzbekistan - Colombia,EMPATE,5.16,0.2429,0.2532,0.61,False,39.72
2026-06-18,Canada - Qatar,EMPATE,5.84,0.221,0.2908,0.6,False,39.13
2026-06-18,Canada - Qatar,VISITANTE,11.38,0.0987,0.1238,0.12,False,39.01
2026-06-18,Mexico - South Korea,LOCAL,2.02,0.6026,0.2172,1.95,True,41.0
2026-06-19,United States - Australia,EMPATE,4.08,0.2868,0.1702,0.57,False,40.43
2026-06-19,United States - Australia,VISITANTE,5.79,0.215,0.245,0.52,False,39.91
2026-06-19,Turkey - Paraguay,LOCAL,2.02,0.5634,0.1381,1.35,False,38.56
2026-06-19,Brazil - Haiti,EMPATE,10.41,0.1039,0.0819,0.08,False,38.48
2026-06-20,Netherlands - Sweden,EMPATE,3.96,0.2772,0.0978,0.32,False,38.16
2026-06-20,Germany - Ivory Coast,EMPATE,4.65,0.2237,0.04,0.1,False,38.06
2026-06-20,Tunisia - Japan,LOCAL,7.69,0.1602,0.2316,0.33,False,37.73
2026-06-20,Tunisia - Japan,EMPATE,4.3,0.2436,0.0476,0.14,False,37.59
2026-06-21,New Zealand - Egypt,LOCAL,5.64,0.191,0.0774,0.16,False,37.44
2026-06-21,Spain - Saudi Arabia,EMPATE,10.69,0.1546,0.6522,0.63,False,36.81
2026-06-21,Spain - Saudi Arabia,VISITANTE,22.81,0.0668,0.523,0.22,False,36.58
2026-06-21,Belgium - Iran,EMPATE,4.53,0.2429,0.1002,0.26,True,37.5
2026-06-21,Belgium - Iran,VISITANTE,7.87,0.1737,0.3674,0.5,False,37.0
2026-06-21,Uruguay - Cape Verde,EMPATE,4.5,0.2533,0.14,0.37,True,38.3
2026-06-21,Uruguay - Cape Verde,VISITANTE,9.1,0.1746,0.589,0.7,False,37.6
2026-06-22,France - Iraq,EMPATE,12.03,0.177,1.1294,0.96,False,36.64
2026-06-22,France - Iraq,VISITANTE,28.13,0.0901,1.5356,0.52,False,36.12
2026-06-22,Argentina - Austria,EMPATE,4.33,0.2384,0.0323,0.09,False,36.03
2026-06-22,Argentina - Austria,VISITANTE,7.32,0.1457,0.0663,0.09,False,35.94
2026-06-23,England - Ghana,EMPATE,7.29,0.1578,0.1503,0.21,True,37.29
2026-06-23,England - Ghana,VISITANTE,15.28,0.0756,0.1548,0.1,False,37.19
2026-06-23,Panama - Croatia,LOCAL,7.82,0.234,0.8296,1.13,False,36.05
2026-06-23,Panama - Croatia,EMPATE,4.55,0.2834,0.2896,0.74,False,35.32
2026-06-23,Portugal - Uzbekistan,EMPATE,8.48,0.211,0.7889,0.93,False,34.39
2026-06-23,Portugal - Uzbekistan,VISITANTE,19.31,0.1248,1.409,0.66,False,33.73
2026-06-24,Canada - Switzerland,LOCAL,3.11,0.6066,0.8865,1.69,False,32.04
2026-06-24,South Africa - South Korea,LOCAL,5.42,0.2198,0.1915,0.35,True,33.57
2026-06-24,Scotland - Brazil,LOCAL,9.9,0.1746,0.7282,0.69,False,32.89
2026-06-24,Scotland - Brazil,EMPATE,5.28,0.2588,0.3667,0.7,False,32.18
2026-06-24,Mexico - Czech Republic,LOCAL,1.73,0.6449,0.1157,1.27,True,33.11
2026-06-25,Ecuador - Germany,VISITANTE,1.71,0.7448,0.2736,1.66,False,31.46
2026-06-25,Japan - Sweden,LOCAL,2.26,0.5498,0.2424,1.51,False,29.94
2026-06-25,Tunisia - Netherlands,LOCAL,16.63,0.1144,0.9017,0.43,False,29.51
2026-06-25,Tunisia - Netherlands,EMPATE,8.56,0.1997,0.7096,0.69,False,28.82
2026-06-25,Paraguay - Australia,VISITANTE,4.1,0.3101,0.2715,0.63,False,28.19
2026-06-25,United States - Turkey,EMPATE,3.81,0.2895,0.1031,0.26,False,27.93
2026-06-25,United States - Turkey,VISITANTE,3.22,0.3215,0.0351,0.11,True,28.18
2026-06-26,New Zealand - Belgium,LOCAL,13.28,0.089,0.1813,0.1,False,28.07
2026-06-26,New Zealand - Belgium,EMPATE,8.14,0.1653,0.3452,0.34,False,27.73
2026-06-26,Uruguay - Spain,LOCAL,5.65,0.1925,0.0877,0.13,False,27.6
2026-06-26,Egypt - Iran,VISITANTE,3.38,0.3546,0.1986,0.58,False,27.03
2026-06-26,Senegal - Iraq,EMPATE,6.88,0.257,0.7683,0.88,False,26.14
2026-06-26,Senegal - Iraq,VISITANTE,13.06,0.201,1.6251,0.88,False,25.26
2026-06-26,Norway - France,LOCAL,7.02,0.2217,0.5562,0.58,False,24.68
2026-06-26,Norway - France,EMPATE,5.44,0.2864,0.558,0.78,False,23.9
2026-06-26,Cape Verde - Saudi Arabia,LOCAL,2.55,0.4906,0.2511,0.97,False,22.94
2026-06-27,Jordan - Argentina,LOCAL,19.03,0.08,0.5221,0.17,False,22.77
2026-06-27,Jordan - Argentina,EMPATE,8.45,0.1596,0.3489,0.27,False,22.5
2026-06-27,Algeria - Austria,VISITANTE,3.45,0.4927,0.6999,1.13,False,21.38
2026-06-27,Panama - England,EMPATE,8.45,0.1257,0.0623,0.04,False,21.33
2026-06-27,Croatia - Ghana,LOCAL,1.79,0.6902,0.2354,1.07,True,22.18
2026-06-27,Colombia - Portugal,LOCAL,3.83,0.4535,0.737,1.11,False,21.07
2026-06-27,Colombia - Portugal,EMPATE,3.84,0.2763,0.0609,0.11,True,21.39
2026-06-28,South Africa - Canada,LOCAL,4.68,0.4187,0.9595,1.07,False,20.32
2026-06-29,Netherlands - Morocco,LOCAL,2.34,0.4661,0.0907,0.34,False,19.97
2026-06-29,Germany - Paraguay,EMPATE,5.06,0.251,0.2703,0.33,True,21.32
2026-06-29,Germany - Paraguay,VISITANTE,9.16,0.1761,0.6129,0.4,False,20.92
2026-06-29,Brazil - Japan,VISITANTE,4.96,0.215,0.0664,0.09,False,20.84
2026-06-30,Ivory Coast - Norway,LOCAL,3.52,0.3507,0.2346,0.48,False,20.35
2026-06-30,France - Sweden,EMPATE,5.82,0.2111,0.2284,0.24,False,20.11
2026-06-30,France - Sweden,VISITANTE,9.47,0.1113,0.0536,0.03,False,20.08
2026-06-30,Mexico - Ecuador,LOCAL,2.25,0.5137,0.1559,0.63,True,20.86
2026-07-01,Belgium - Senegal,LOCAL,1.92,0.5841,0.1214,0.69,False,20.17
2026-07-02,Portugal - Croatia,EMPATE,3.67,0.2873,0.0545,0.1,False,20.07
2026-07-02,Portugal - Croatia,VISITANTE,5.23,0.2795,0.4619,0.55,False,19.52
2026-07-02,Spain - Austria,EMPATE,5.04,0.2505,0.2626,0.32,False,19.2
2026-07-02,Spain - Austria,VISITANTE,9.53,0.1518,0.447,0.25,False,18.95
2026-07-03,Australia - Egypt,VISITANTE,2.37,0.4596,0.0893,0.31,False,18.64
2026-07-03,Argentina - Cape Verde,EMPATE,8.13,0.1338,0.0878,0.06,True,19.05
2026-07-03,Argentina - Cape Verde,VISITANTE,20.16,0.0567,0.1426,0.04,False,19.02
2026-07-03,Colombia - Ghana,LOCAL,1.42,0.7865,0.1169,0.95,True,19.42
